pca_pc1,pca_pc2,pca_pc3,pca_pc4,w_taste,w_aroma,w_texture,dominant,cluster_label
-0.10566635048252856,-0.0779919346288425,-0.037075629343973335,0.08376051066383165,0.2628178924206411,0.5920387941675463,0.1451433134118125,aroma,4
0.5881002114799552,0.04826839609733471,0.036612602468205024,0.0505386388652694,0.4104369834217955,0.530741999709255,0.05882101686894941,aroma,2
-0.19393411159532906,0.026456719597361095,0.31359042495206346,-0.031013062135887892,0.18293755899511557,0.7274812320234704,0.08958120898141388,aroma,3
-0.12444147836940214,-0.0709643989120168,0.21623794661134482,-0.06597543971156426,0.3094495285677855,0.6271279420711837,0.06342252936103074,aroma,3
0.16400785017110156,0.03509785561029279,-0.036086053580638267,-0.13020656276503473,0.6655161319480934,0.20724999570780836,0.12723387234409828,taste,2
0.40346006773019427,-0.002461931534189013,0.05374697211062618,-0.01979687835258788,0.2839974305034532,0.6113587637938557,0.10464380570269109,aroma,2
0.18246694464683663,0.18399935930942404,0.1754541915508388,-0.2428809412937682,0.6670545370552337,0.19887705273597908,0.13406841020878724,taste,2
-0.030562677522113346,0.04177910588989146,-0.2744898628765813,0.049675009346935445,0.30848622907500783,0.49685678842813985,0.19465698249685243,aroma,1
-0.07719583309838134,0.23028538212245292,-0.05973962439037206,-0.18290567568313693,0.2543957526468144,0.5494497213680398,0.19615452598514568,aroma,1
0.24615733714632004,-0.4839864089356135,-0.29505950355616595,0.22612050196932465,0.39036562403867403,0.46078643967072574,0.14884793629060036,aroma,5
0.20930274422341105,0.14903413344793348,0.15415762837906255,-0.017746587562772698,0.34954722889585566,0.261681096736882,0.38877167436726234,texture,2
0.19308445973830862,0.23392192180408816,-0.2594487141636094,0.01661964192744514,0.7527840945851352,0.1931358668789093,0.05408003853595553,taste,2
-0.2347958869723296,-0.26049299827081124,-0.3596040508948022,0.07734556137500928,0.7864028672336479,0.1277610323142192,0.08583610045213289,taste,4
0.1869267688182131,0.2540507865859193,-0.2895376746880698,0.009238418480885205,0.8467195161000111,0.0989326096116135,0.05434787428837536,taste,2
-0.025203342629745135,-0.12340270529762677,0.09228294821980412,0.06524456325054671,0.46429030314428854,0.427302228185228,0.10840746867048337,aroma,3
0.25834435780507653,0.20245125440423672,0.030106714744427304,-0.07147680668500138,0.6292200800066499,0.192519245571074,0.178260674422276,taste,2
0.34706221698221285,-0.18573907119458793,-0.21887214455698784,0.019178387473498183,0.6923220662622117,0.21463599394597174,0.09304193979181653,taste,5
0.04185063957330535,0.10290064279774083,0.21858587755221048,0.07233779789047269,0.2526506993532084,0.6375559751959508,0.10979332545084092,aroma,0
0.014465999722899518,0.015958652076010833,0.17990072179706468,-0.03803083401938473,0.532041343070623,0.28159984427360435,0.1863588126557726,taste,3
0.3095458025435701,0.2214921063304739,-0.07852834104645932,-0.1556938333529156,0.7610929657536044,0.12506493034320385,0.11384210390319166,taste,2
-0.1860621052606968,0.42853637451547166,-0.06454994849756109,-0.19490478988120902,0.41861597239574455,0.2593933320802692,0.32199069552398624,texture,1
-0.13163049440322813,-0.08150394406443821,0.3060396185662295,-0.18669675356306825,0.7845890320140708,0.16458635698772098,0.050824610998208244,taste,3
0.10771962806070742,0.15500437418100327,0.2013675652478195,-0.13572461124409546,0.7176609957082397,0.21792502029872685,0.06441398399303334,taste,2
-0.41987065433118603,0.39408453494386175,-0.11595351689002423,0.2834007025019271,0.6989680656126007,0.16232648113529882,0.13870545325210043,taste,1
0.18938010378256973,0.36137035095674613,-0.09861955775116987,-0.2021748660949279,0.7708997246442458,0.10057240166811217,0.12852787368764204,taste,2
0.0030750990766233374,0.02442288221831706,0.17091151346621664,-0.15096883469110745,0.38149841823714153,0.5157250098976837,0.1027765718651749,aroma,3
0.08556987761903034,0.21121185222685623,0.17683464475207028,-0.11986939890652347,0.7324676042714675,0.20315395480506848,0.06437844092346391,taste,2
0.008778083623618455,-0.5567077483901944,-0.2779941622588928,0.18988061357420283,0.3470837112370063,0.464015352179663,0.18890093658333068,aroma,4
0.08172730766237563,0.11427702290705904,0.20690541985698263,0.016775125044045852,0.7032022974289055,0.2286124616441987,0.06818524092689583,taste,0
0.19945971076402833,0.13621776139242553,-0.1653955522722833,-0.0429860510636898,0.9032906880117585,0.06239889232873403,0.03431041965950735,taste,2
-0.19347531232975448,-0.06655427492204931,-0.0038994980354374736,-0.1573036685169803,0.6775176628361009,0.2500636660294493,0.07241867113444984,taste,3
0.11868803554262222,0.03378015929976983,0.22488263433456473,0.15575572712731067,0.6283578254309403,0.2644535369450079,0.10718863762405166,taste,0
0.29066072910666263,-0.08397396127153063,-0.008755388719334845,0.11449873844639413,0.5049457457222833,0.38840440701585865,0.10664984726185807,taste,0
0.29650756827463653,-0.017861709157706948,-0.2928033716789958,-0.05968093902899872,0.7718736690976051,0.14302476885964918,0.08510156204274573,taste,5
0.2505689058503983,-0.08468024669984457,0.04753687812289187,-0.046414780792864055,0.6570359683616753,0.2742821452870703,0.06868188635125444,taste,2
0.34855119843859567,-0.0645591099808165,-0.11893167682027804,-0.05801752524966307,0.5967928576302739,0.35502150184220965,0.0481856405275165,taste,5
-0.24229503715586806,0.20892518928095988,0.10685156155789594,0.32316660272106795,0.2553286308417127,0.654129378655388,0.09054199050289928,aroma,1
0.054574833336380475,0.00020571197433669197,0.027760866698455927,-0.021591710704899778,0.7371625954349521,0.17147375170895215,0.09136365285609573,taste,2
0.041799353636650556,0.017798492051720786,-0.0797937337983414,-0.29248688071708967,0.2805482625681925,0.5926481387213869,0.12680359871042057,aroma,2
0.18139974536812675,-0.22109354950979276,-0.43039371420386346,0.05786661095311474,0.18709280650978313,0.6748157913116425,0.13809140217857435,aroma,5
-0.3999648975263471,-0.34909982574961296,-0.05986599475327366,-0.05549910080030922,0.42224182410267863,0.22678220720806214,0.3509759686892592,texture,4
0.26125507983203894,-0.22433417012737178,-0.04241808174471953,0.025301828068178434,0.6629601900175882,0.2542178240780501,0.08282198590436167,taste,5
0.31347849055033444,0.2459457160025667,0.06800821812049163,-0.1337088547055198,0.8096604075937179,0.12505707810196248,0.06528251430431962,taste,2
0.024843138067526672,0.34355527060144647,-0.24450596822988552,-0.09168101963354415,0.8869103261271252,0.07116409683308565,0.041925577039789136,taste,1
0.02976393986640779,0.2429606523584334,-0.056135924331473186,-0.13304334446677696,0.4782529070258357,0.432054948588976,0.08969214438518826,aroma,2
-0.2017504829906541,0.043382099999472956,-0.11773320517450198,0.1979715882722028,0.1774567912598848,0.7177638290349717,0.1047793797051435,aroma,1
-0.013345381110463843,0.41831308856290256,-0.2917203372494837,-0.05629372484896879,0.27993801549540154,0.6317376356558354,0.08832434884876308,aroma,1
-0.03979922346924887,0.04710166093299835,0.061944479880356645,0.08840549331810325,0.6531711333071991,0.2510103191106871,0.09581854758211383,taste,0
-0.4643126508804801,0.20022502649868745,-0.11735435131834238,0.21633443530450208,0.7332795224624999,0.18544478216794466,0.08127569536955527,taste,1
0.04553547116493028,-0.12099189984157434,0.08816084972744029,0.003816622505106934,0.7671694203317841,0.16080438001240296,0.07202619965581288,taste,3
0.3702149163569816,0.21686427817146142,0.005142995102801279,-0.04363807893588954,0.8093565163122945,0.08959855088912937,0.10104493279857615,taste,2
0.1905741927128335,0.21147878572540085,-0.1682101303278673,0.047703908063306724,0.7946297114805453,0.1258762519854573,0.07949403653399746,taste,2
0.0028855604376126706,0.19890191749967734,0.01609975542538153,0.34101528137153586,0.1575271035312232,0.7636488620161521,0.07882403445262455,aroma,0
-0.05902599535666223,0.06823453009321223,-0.0385663434398843,0.3042514075708737,0.34210553912887787,0.5619975236156355,0.09589693725548668,aroma,0
-0.16735886531235483,0.10774460081067026,-0.006604149615544494,-0.07642591651947274,0.7381710417090404,0.2214615124323522,0.040367445858607444,taste,1
-0.08223435563467138,-0.1513611827478657,0.2057323931477057,-0.01070136867983,0.7119700864596364,0.23002286126630933,0.05800705227405425,taste,3
-0.029735353753992527,0.2755426196652871,-0.15715097107859954,0.07261729718998511,0.28666085941170366,0.5849061676082801,0.12843297298001632,aroma,1
-0.1565199337410663,0.31748952145176573,-0.22342459111037402,-0.09238416314264018,0.7231816996094417,0.19541339085779078,0.0814049095327677,taste,1
0.2762607323785561,-0.08384454096133052,0.05972710665740649,0.2478668064394719,0.5963827156107001,0.2404543294102597,0.1631629549790402,taste,0
-0.27767666851798367,0.26696303104860597,-0.15582868709180842,-0.1865697798872208,0.5916121040258161,0.2796393772176235,0.12874851875656038,taste,1
-0.08570691903462437,0.04146719146914478,0.3077213187947973,-0.1334115359520341,0.4794434901987341,0.33964580295695806,0.1809107068443078,aroma,3
-0.16169744982128945,-0.07827885241353379,0.25139393987122366,-0.11612709397196698,0.7933686536645104,0.13263058751224407,0.07400075882324572,taste,3
-0.05257622755541551,0.03539259413221715,0.202861051011348,0.08038683767373897,0.7488501689784257,0.19959949935521015,0.051550331666364274,taste,0
-0.07253720228271118,-0.23279216882425963,0.10389177212132567,0.025885861015746463,0.49089613514264857,0.40326873513856176,0.10583512971878975,taste,3
0.12141667764399913,-0.12193669870735042,0.13959712569326488,-0.1080292952466624,0.1726987412090369,0.7411340987018228,0.08616716008914029,aroma,3
-0.09288499714621201,0.2196282400643188,0.19633616515681684,-0.03360329198084509,0.7866835370142121,0.16637813542268062,0.04693832756310723,taste,3
-0.03876702880598308,-0.0506541164339461,-0.05294221661614426,-0.11330139162503543,0.2393312307018224,0.6188117420297304,0.14185702726844715,aroma,3
-0.05266908157467629,0.4210855394129675,-0.31499660540381835,-0.26964283685331286,0.21135629340096282,0.6865165823824103,0.10212712421662667,aroma,1
0.012900106194683465,0.12630833443655082,0.05334508109063299,0.3580570052898798,0.27434844793109314,0.6375383855755385,0.08811316649336823,aroma,0
-0.11695491818222462,0.24119699360617497,-0.03171476262184428,0.39439125331555747,0.28017637469155326,0.4333966297528681,0.28642699555557855,texture,1
0.025109973476433962,-0.04127549092926021,0.3409943885642038,0.0736246208245012,0.6758739764331065,0.24314388715961968,0.0809821364072739,taste,0
-0.0225979035492549,0.08752894581921794,0.1612971050719767,-0.04959860422815977,0.558387977674021,0.36378862172461524,0.07782340060136375,taste,3
-0.3790639962956802,0.024323692532288416,-0.16872200386323655,0.14424603081418624,0.682095466365907,0.14547440292740907,0.1724301307066839,taste,1
-0.14344829289515312,-0.13209793008512627,0.08301975551702687,-0.13431276043642065,0.4828965608181495,0.4149157711918127,0.10218766799003776,taste,3
-0.03901356856317437,0.039691264370352725,0.05330503790348179,-0.18929307237445597,0.6131209437139183,0.33199543452339636,0.05488362176268516,taste,3
-0.06223468581128567,0.06781630419371151,-0.11670654337956651,-0.1060137963925341,0.23775796319383388,0.5703224265412913,0.19191961026487483,aroma,1
0.010436727106517364,0.08465660131108327,0.22457925535673107,-0.1574088048008253,0.7723435406325009,0.1680625840224132,0.059593875345085874,taste,3
0.012608497411468446,-0.01766389543275261,0.2588970414057748,0.3251099537126442,0.6347111606430851,0.27297311285539616,0.09231572650151879,taste,0
0.06018287661147569,-0.0589694250294303,0.15741880136632425,0.33641120940207514,0.5673140888729747,0.2697637995933295,0.1629221115336957,taste,0
0.1550842203569765,-0.05385652752310677,0.13454999069997314,0.3796747934097894,0.7011350449371596,0.19315406699907875,0.1057108880637616,taste,0
0.011987772740247073,0.1045094143129004,0.2509895177092129,-0.07975592137795358,0.6043373343590825,0.31307595476781624,0.08258671087310113,taste,3
0.12871866888171943,0.29753447401484506,-0.08658945939444751,-0.21404541539623073,0.7306081166315733,0.16451790516263626,0.1048739782057904,taste,2
-0.14720575463198426,0.5488496724995573,-0.1397952027505575,0.24605720310600832,0.7081234242904846,0.15807615365787597,0.1338004220516395,taste,1
0.27565110935786596,0.0781457547250196,-0.4473661425450438,-0.11417440265720989,0.7581225708676647,0.16674054405729413,0.07513688507504107,taste,5
0.3668616433595286,0.10642576626314493,-0.3875322171098734,0.010480763580535873,0.7482309367144764,0.1668265966954469,0.0849424665900766,taste,5
-0.13538155771555327,-0.4867027043818176,-0.2997498393086473,0.16269407223480095,0.3569157837226352,0.4572440524382833,0.18584016383908156,aroma,4
0.06868674421565898,-0.14925552878919524,-0.2142509842007968,0.0532242835769426,0.16200675336252263,0.5708009510438534,0.26719229559362395,aroma,5
0.14087433487597614,-0.040160230191081545,0.21149217069075293,0.24011471626230518,0.5555304039367117,0.23160015302480727,0.21286944303848102,taste,0
-0.042689988745385196,-0.055106434939458784,0.33248387477809904,0.0051890261513231895,0.3971269129733427,0.48134982065303017,0.12152326637362713,aroma,3
0.2899773670893302,-0.021665458632113666,-0.49073498018883516,-0.12225670572574769,0.7393796024892346,0.141396395734784,0.11922400177598141,taste,5
0.04837336062902229,0.005937881420314123,0.315263992506681,0.0941063124884573,0.6280900048798183,0.268699906824804,0.10321008829537767,taste,0
-0.0354539038669649,-0.07992339256515367,-0.187209299516243,0.14667628590770845,0.5010788457827394,0.3137193868263507,0.18520176739090988,taste,4
0.055469133700395225,0.1457213398503602,0.06255066478961963,-0.1383218383569455,0.7753125521014353,0.1322333777255642,0.09245407017300038,taste,2
-0.08262732932941572,0.3253195716211352,-0.09620992679508153,-0.1558342332456637,0.2496202172003811,0.6961305881658598,0.0542491946337592,aroma,1
0.0848976697051396,0.1739603802665514,0.1648026083580466,-0.05435739338100988,0.770039294574011,0.1638669585236699,0.06609374690231917,taste,2
-0.2084126643047083,-0.06156601941536642,-0.06052931959614451,-0.19182418806603152,0.3298531846038479,0.6107483086698412,0.05939850672631093,aroma,3
0.3009446027970028,0.021136117113267468,0.11878991733944044,0.061986436592709436,0.5099016934452885,0.42097853543348895,0.06911977112122264,aroma,2
0.2518207101292554,0.15983196758376456,-0.12665342462188517,-0.12563000957161163,0.8349146189169019,0.10779963770680019,0.05728574337629792,taste,2
0.11994249302723492,-0.05867205793567433,0.06702059667453461,0.3064569663926278,0.7167440769006438,0.16258043045523282,0.12067549264412328,taste,0
-0.5257574235868996,-0.31186443206350556,-0.22735909913440772,0.020867777961945395,0.812868752834327,0.11231951431928884,0.07481173284638414,taste,4
-0.45423629823748135,-0.17894288181528534,-0.26082099017607635,0.08487137501541925,0.7260697780322211,0.1417765586116157,0.13215366335616327,taste,4
-0.40000994680786184,-0.020773473146866145,-0.3608405526430306,-0.07496938593635179,0.7361954542596921,0.16637687979059815,0.0974276659497096,taste,4
-0.4985008610317853,-0.39113185673083467,-0.06592558626140967,0.031053484333765306,0.7262559018949948,0.15329518441418916,0.12044891369081595,taste,4
-0.30551982756383106,0.14349795028776385,-0.2566226311297772,-0.22568921112973528,0.4770173838326917,0.43104826082718317,0.09193435534012519,aroma,1
-0.33871529905725584,0.4421652335480811,-0.19779676872732135,0.17489427280056255,0.6896763093905627,0.21129222933150418,0.09903146127793303,taste,1
0.23290411903376962,0.2683160336553202,0.08426161557183953,-0.10013663164337273,0.7848028977652934,0.1058408907846948,0.10935621145001163,taste,2
0.18597226518252744,0.0960287033417531,0.1397379446738385,0.15231819406249306,0.6888857907744217,0.17087204802718817,0.14024216119839006,taste,0
0.022004814833609644,0.40122121422718987,-0.017302716207507507,-0.15940081997186678,0.4068723853353204,0.4981392705396596,0.09498834412501993,aroma,2
-0.04370566999078354,-0.12979842471051856,0.17763081002696074,0.21247066502486034,0.7091122613162055,0.16845098338455183,0.12243675529924261,taste,0
-0.0256083210140163,-0.010610051918690688,-0.29171835902482146,0.02977409726957453,0.33125011532951876,0.5185273931140919,0.1502224915563893,aroma,5
0.24402583342913903,0.20268133572139457,0.17588158292460832,0.07644159052999626,0.5205834226819216,0.17977998834941653,0.29963658896866185,texture,2
0.44129427310939573,0.15258678585355517,-0.16009904647724926,-0.041173648206691796,0.5087077694382264,0.4383025389704547,0.05298969159131894,aroma,2
-0.2842376176576179,-0.17490197592448792,-0.11967567703975715,-0.06377158901797887,0.6412772761352563,0.20099889209076546,0.1577238317739782,taste,4
-0.4576639822878299,0.19484658689046974,-0.2585559197918153,-0.05172559184750326,0.6184915664339273,0.20012550737665996,0.18138292618941274,taste,1
0.21128204548402624,-0.16902530509887814,0.07326166556401056,0.12627973627903233,0.7476469848293801,0.18351964818469524,0.06883336698592465,taste,0
0.031636616824381854,-0.022052619386019184,-0.3667617981570227,-0.12634671198747438,0.2101857272332081,0.538638264941494,0.25117600782529786,aroma,5
0.11928780929819971,0.0676637290196973,0.07244871565167199,-0.011050537630597462,0.7064274331150444,0.1163820601875883,0.17719050669736722,taste,2
-0.06104389724351195,0.2991210631255984,-0.28922301248732596,-0.08522302415777926,0.17127065569116148,0.7287135986840254,0.10001574562481313,aroma,1
0.2934352793777955,0.08733922541624613,-0.03581567028227907,-0.11898626280985515,0.44789723178032675,0.49337849220568236,0.05872427601399093,aroma,2
0.2049525831993514,0.1115752008612377,0.029435046891707256,0.05588637179190637,0.7070110276761168,0.19701784102628161,0.09597113129760163,taste,2
0.16192137745169047,0.07025113371743448,-0.4329701947579183,0.11478086084859487,0.1779774088153117,0.6731913944530532,0.14883119673163503,aroma,5
-0.06494820013010774,-0.2610079090465905,-0.31659573661952495,-0.1090281706821432,0.6312063003298143,0.24037017021325732,0.1284235294569283,taste,4
-0.07826188924617064,-0.2466671533985425,0.0716826703512185,0.12252359191715192,0.7771365390816253,0.11455257294513209,0.1083108879732427,taste,4
-0.4346074710189845,0.09601066977461936,-0.2637303008917502,-0.040739835015762255,0.7626622059240539,0.17632926911496288,0.061008524960983204,taste,1
0.29875123661247904,0.03659866462767108,-0.3354463272114556,0.09416531014118315,0.6948774216201302,0.17305998201154116,0.13206259636832857,taste,5
-0.47940100130435176,-0.48150882991480815,-0.02965734592976378,0.03670449201064366,0.5030318167800799,0.16182915410705853,0.33513902911286153,texture,4
0.09966453123648136,0.2310686243125692,0.09402077700978526,0.15404708605292888,0.7061784006296317,0.221302678830819,0.0725189205395493,taste,0
0.2112992102963976,0.08811065064260601,0.24295883907473348,0.14665210728977396,0.322811835274695,0.5504113336927244,0.12677683103258064,aroma,0
-0.21128027462113919,0.32682313594415663,0.056387800033246865,0.1303835079420593,0.42580838973163126,0.1960814994317644,0.3781101108366044,texture,1
-0.12682921091512983,0.19578649208010845,0.0041263335084408825,0.009737215922757697,0.3293706342077988,0.5750042530468824,0.09562511274531878,aroma,1
0.14681998309371325,-0.102231535175044,0.11972798551238081,0.5126700588317024,0.5125927641897587,0.16821157489585323,0.3191956609143881,texture,0
0.24269353662639997,0.10579196980174356,-0.0762524418976934,-0.16269223021260665,0.7701241721659843,0.144795143251173,0.08508068458284271,taste,2
0.15696539671249873,0.049507196339184836,-0.14884573434771003,-0.1778819642163348,0.7352095636027145,0.2059645717395928,0.058825864657692566,taste,2
-0.07573668549278043,-0.23050111414379892,-0.0855548190882924,0.007740340373407789,0.3209123358763784,0.5479343223751693,0.13115334174845236,aroma,4
-0.4339678471480185,-0.2672311573541099,-0.1912121333950903,-0.05897735427932936,0.7272558321811661,0.15241497050578443,0.12032919731304945,taste,4
-0.28738566650310565,0.09935526241040939,0.05632508227478725,0.1786426692077924,0.29597967218401516,0.5949869222622303,0.10903340555375463,aroma,1
-0.1395806178814496,0.4983153697123081,-0.3724779158328061,-0.04876210541452099,0.09792372885305628,0.8504054945867271,0.05167077656021668,aroma,1
-0.005766761099214514,0.11171065563532086,0.012879304702360289,-0.02289155092207483,0.7315757928077739,0.18354769036000967,0.0848765168322165,taste,2
-0.23462678053719385,-0.178641030001167,0.10437557144434445,0.005603849115230888,0.3302785621792515,0.5979036988506338,0.0718177389701148,aroma,3
0.36751168613961116,0.05132506956257775,0.06348737234792959,0.12555899172752638,0.4030423050290895,0.4204730335783339,0.17648466139257665,aroma,2
0.41038021696670657,-0.04309555793581776,0.13996443593971564,-0.19687645162525613,0.4272458567331085,0.18420712046627,0.38854702280062164,texture,2
0.4176524426350774,-0.20397564596377893,-0.47367389010903393,-0.15946077637384143,0.6269522438649646,0.22411662405289276,0.14893113208214254,taste,5
-0.08961194070460386,-0.09997317343420238,-0.2291482937153878,0.028022366074112084,0.6403032641212396,0.24376373994610812,0.11593299593265234,taste,4
-0.12384705939521762,-0.19952623702537609,0.1998533441551949,-0.1612249123501528,0.40172622197219254,0.4910339549717257,0.10723982305608167,aroma,3
-0.2299311764859225,0.09951343576681262,0.03703890188989728,0.35598312865120124,0.23307337636074454,0.6779460612330392,0.08898056240621618,aroma,1
0.33454415041993185,-0.3309512535475256,-0.31263072210536447,0.0964529848525651,0.2680575969602733,0.5695293932038603,0.16241300983586643,aroma,5
-0.000342115115123158,0.10043331408005292,0.04363942109971397,0.01633932207063704,0.28400227032271264,0.3000263524265826,0.41597137725070477,texture,2
0.351242320341669,-0.2697246416181178,-0.30862515413249425,-0.20072569955967628,0.63333683146973,0.23162260438889784,0.13504056414137225,taste,5
-0.2501791202195668,-0.22546140897386635,0.21251750138411774,-0.07291983400488579,0.3297488980304964,0.5723977224295893,0.09785337953991428,aroma,3
0.46501710933600027,-0.08221231618872489,0.10118426554402207,-0.15021935603825776,0.4233721499829525,0.5186125851211785,0.05801526489586907,aroma,2
-0.06175526871872136,0.02943484120286094,0.27902149774622,-0.23231787365331397,0.5504947166218743,0.3074464785245488,0.14205880485357691,taste,3
-0.38220273156008755,-0.3398061789622938,-0.1822113857739924,0.03856254186365041,0.65962836027483,0.2187590944383651,0.121612545286805,taste,4
-0.3189645398578115,0.1919604290677691,0.0025376377781325954,0.20341723029072634,0.1770911172426629,0.7617993404489318,0.061109542308405276,aroma,1
0.33618221591919834,-0.14127291488607696,-0.2766456028470134,-0.06022210183212,0.6900975051705062,0.1754082715942218,0.13449422323527202,taste,5
-0.2697193649148636,0.09370499070424287,0.061652468192870624,0.16744106047582355,0.268431748340163,0.6316305047188258,0.09993774694101124,aroma,1
-0.014516766599403881,0.13773943143236217,0.2990249057087433,-0.021403151079419175,0.5207761342038697,0.3856854132266546,0.09353845256947572,taste,3
0.1849950777302248,0.015712514978229036,-0.228574839329727,-0.07151924001251807,0.7203969579272982,0.18793077876432088,0.09167226330838092,taste,5
0.2694444151361919,0.029716844448522184,-0.38905207470918346,-0.26324704825785,0.7255581089308045,0.11837422159186674,0.15606766947732878,taste,5
-0.06162079252094804,-0.2962470288705373,-0.30549899653895474,0.03628810895309085,0.24973482294365462,0.3289029960292705,0.42136218102707484,texture,4
-0.30292772226523307,-0.12508428303704622,0.2024235476904716,-0.2547457706298857,0.6210406938959928,0.28771466232474113,0.09124464377926604,taste,3
-0.09668970233400513,-0.011495008080212976,0.13346819899499746,0.10597583421536952,0.6689131837063862,0.21956455743651704,0.11152225885709667,taste,0
-0.2636769751537671,-0.4229149837480986,0.06766748110576568,-0.2960637883053728,0.4137326726162965,0.48917070219751085,0.09709662518619276,aroma,4
0.30628797256540685,-0.3153780012506274,-0.2842598232190817,0.12821980580001097,0.22948718608468827,0.6203945121202356,0.15011830179507624,aroma,5
-0.0020484171335160076,0.01492904628524823,-0.07314915345372192,0.2875522537357541,0.45976384872103676,0.224974606630354,0.31526154464860917,texture,0
-0.13165917078457975,-0.07001491839293002,-0.26394302896833477,-0.11541469098823899,0.41840704069781326,0.35900937045953035,0.22258358884265636,texture,4
-0.4851864580543998,0.28339033865422936,-0.27236220493342544,-0.010407251199472792,0.7132911187776434,0.20228907222100082,0.08441980900135576,taste,1
0.12635571211668978,-0.027427199007123926,-0.051903938784718384,-0.08061468477800703,0.5943164280800688,0.229925348235117,0.17575822368481406,taste,2
-0.054188537373668626,0.03715528741246825,0.09229026020129638,-0.12232295372580075,0.7127416771874143,0.18146082745306572,0.10579749535951982,taste,3
-0.3063691956382962,-0.2626076399557893,0.024694800995646998,-0.07036277209967602,0.22996692647821945,0.7208273026773683,0.04920577084441233,aroma,4
-0.20521147063076653,0.08504362804261298,0.20390492496700824,-0.28958904143103487,0.6110905427376083,0.3193990192975066,0.06951043796488497,taste,3
0.03541595620422313,-0.13635293325314612,0.013576375677622793,-0.019799242334437986,0.2838993438848426,0.6124168824152373,0.10368377369992003,aroma,3
0.3168591856511073,-0.22043561485477015,-0.40006506876770515,-0.16967931392426866,0.6666284856812009,0.18337037274225162,0.15000114157654737,taste,5
0.12357476604947251,-0.258528697802802,0.04756311520872836,-0.010599900124760878,0.4343067714547235,0.45108059779563625,0.11461263074964016,aroma,3
-0.22531203748298556,-0.10134903113796416,-0.13543245345620816,0.2031597124843168,0.1935953930296086,0.7382869444341621,0.06811766253622939,aroma,4
-0.25910045254647535,-0.11642057607509686,0.2531359383717691,-0.19956887896338887,0.5465431113142754,0.3420431042287078,0.11141378445701669,taste,3
-0.41368748051198706,-0.1943136526455974,-0.1311349307501553,0.173821017013768,0.72373689846262,0.12682082254920962,0.14944227898817045,taste,4
0.43363626506507696,-0.09146534814377381,-0.28031791371277315,-0.07085831946140551,0.6628769627754117,0.26523756627827066,0.07188547094631764,taste,5
0.1327355776435076,-0.10757992725363393,0.1158512395972737,0.21960422136449154,0.7005352311495268,0.15665920001696873,0.14280556883350468,taste,0
0.17446459657220043,-0.1461522785118145,-0.047803916532120655,0.008114765318664868,0.2814213600961699,0.6472294688017266,0.07134917110210338,aroma,5
0.0035903614137407155,0.14091005455537878,0.09621442376964326,-0.15540718373682355,0.6698165643432145,0.22073906694307296,0.10944436871371264,taste,2
0.17725990357470303,0.017578811284993986,0.10901871594269383,0.21059496496033897,0.6095057011960612,0.20656874179399456,0.18392555700994428,taste,0
-0.1858455694234814,-0.05081036914633483,0.07692311523773376,0.058681556020497336,0.24751609980050202,0.2939210976960379,0.45856280250346,texture,3
0.019157517141996545,0.12869916716154506,-0.24268231331000345,0.02972160989518321,0.19014221793778502,0.5719497048887544,0.23790807717346046,aroma,1
0.4037770950135315,-0.02564375648554855,-0.3387573548513926,-0.10863344199166762,0.5620050910866845,0.34946109760178223,0.08853381131153322,aroma,5
-0.2823641444645916,-0.09914461685344424,0.07529210799048239,-0.21482726272304592,0.6033592728847919,0.3487448964904662,0.047895830624742015,taste,3
0.21862734919876092,-0.08575713151783197,-0.12047112666536897,-0.018329405299990137,0.3809235262640923,0.485944489065447,0.1331319846704608,aroma,5
0.12519682137897958,0.012435988421159956,0.2471966956785625,0.06936381604396648,0.7482691546012106,0.182713769974504,0.06901707542428535,taste,0
0.4942871259604822,0.07201412003536214,0.15235537041363895,0.023107201551832733,0.32319689124461987,0.6305399598965388,0.04626314885884135,aroma,2
0.17082991350802157,0.06847532076300279,0.19145755678372817,0.4032684866993865,0.7276162548840261,0.17775371848284605,0.09463002663312783,taste,0
0.34233357999711733,-0.1547671851681221,-0.34347496224436735,0.13436949352458172,0.641594679648847,0.254623114261163,0.10378220608998988,taste,5
0.39491142872358104,0.25773208648713825,0.15095737947659266,-0.20155943878556887,0.6158257223969934,0.11874248712425126,0.26543179047875537,texture,2
-0.22235907869454144,-0.5748831191830245,-0.1699458083654865,0.12945773572759722,0.5168033398053775,0.33862748339281085,0.14456917680181167,taste,4
0.12876550545885138,0.0651630089415439,0.21649098160353825,0.19369648943857043,0.7459768814295877,0.18117981717883555,0.0728433013915767,taste,0
0.09296117176414392,0.09764440308101964,0.29534274003560723,0.04539264284219385,0.3226135615553751,0.5624468618863553,0.11493957655826972,aroma,0
-0.03830795794992593,0.06138630319682865,0.013702886563007832,0.28273044112698315,0.19030374012008516,0.7213104717504546,0.08838578812946025,aroma,0
0.30205576421195557,0.21692399739783674,0.1494686963127333,0.2593656713045111,0.7246315962637141,0.15401354835702188,0.12135485537926408,taste,0
0.14275461614760238,-0.15093450349730764,0.09126892385418875,0.1505439094412758,0.7160581839442047,0.19182382543693002,0.09211799061886526,taste,0
-0.24128842918682672,0.27501293874226795,-0.0010511667385795231,0.044523289627406176,0.2543796230217864,0.37129222492983566,0.374328152048378,texture,1
-0.44443910224789773,0.20258890042690247,-0.2569960990843655,0.0423521954816289,0.5765829628890258,0.3211559726371122,0.10226106447386196,aroma,1
-0.0637307468571989,-0.18078477029046514,-0.2552797976899852,-0.20803030211940748,0.2558797670298585,0.6030802738583623,0.1410399591117793,aroma,4
0.10625741035081829,-0.2112347432334717,-0.19962490005755373,-0.12557491378907998,0.5339358441031826,0.20498292208901636,0.26108123380780096,texture,5
-0.019305367379747355,-0.05579052911278419,0.036266849502613746,-0.09064966001221393,0.45447044437843503,0.3470391482474727,0.1984904073740923,texture,3
0.021243212124355808,0.36769383630886204,-0.030675218105948837,-0.3674280923959305,0.38765399969992215,0.5407719446894004,0.07157405561067742,aroma,2
0.17930612324873713,-0.19258901741807583,-0.2411517334557112,-0.12708550393006673,0.4516859435122864,0.34681708898350333,0.20149696750421026,texture,5
-0.35530197255113766,0.05572953762072902,0.06330210058895014,0.24674091638368179,0.21091239817624513,0.722575550675549,0.06651205114820584,aroma,1
-0.39644375999506154,0.24243069952307056,-0.13494735844800704,-0.041996382228596654,0.737454667247686,0.1527693202284954,0.10977601252381865,taste,1
-0.06286774084036197,0.17426489926203437,0.2444676722803688,-0.06543789308850105,0.4461929395941608,0.3284975493171506,0.22530951108868855,texture,3
0.22962979416631796,0.09579419414680768,0.11096452547226507,0.15837113167228611,0.259350087589389,0.6993779302960375,0.04127198211457357,aroma,0
-0.42924399668774976,0.03433135063110234,-0.26458101922882027,0.015578929271314268,0.7694538107729582,0.1698831144078885,0.0606630748191533,taste,1
0.15506458059396813,0.11956939716405213,0.34370715301730664,0.07055956616463618,0.417104681336942,0.4678377845088899,0.11505753415416815,aroma,0
0.15722686436366912,0.010751289600256016,0.27570997937505326,0.2660599592174874,0.4264610462723721,0.4333261425832978,0.14021281114433018,aroma,0
-0.009831935444990551,0.04249262069364007,-0.11189485163213278,-0.318067066488312,0.2630117627793628,0.6408461036112685,0.09614213360936882,aroma,2
0.21199375349069144,0.13549937013792634,0.12580232572679434,-0.051588830933077826,0.7170882955467914,0.19383554433250486,0.08907616012070377,taste,2
0.22105547597951825,0.08040817535718421,0.10257333982286984,-0.1691475796581679,0.750313541929777,0.13773085527012646,0.11195560280009667,taste,2
0.27611959508841627,0.04970998207402491,0.10639858196560767,-0.11068739103166862,0.44870314522153526,0.11120979442421353,0.4400870603542512,texture,2
-0.15859460069377915,0.24689181416718425,0.09478070540601874,-0.006774500550562362,0.6247185408737519,0.2861823540779202,0.0890991050483279,taste,1
-0.08076119894885267,0.15920644971956943,0.20044899277641492,-0.08016631099157957,0.2764187978945376,0.6426664664699702,0.0809147356354923,aroma,3
0.10573781992449113,-0.0447546848921499,-0.32688135310822747,-0.1669014564101019,0.4233947728974482,0.2612613002456773,0.31534392685687457,texture,5
0.3452168090584623,0.26333240247058515,-0.023857169014307192,0.06456285376059806,0.4725753905858978,0.43786599467146886,0.0895586147426332,aroma,2
-0.27107661435440533,-0.39554014868037163,0.02209066125271983,-0.06774158390620562,0.25222943795577923,0.270560667921119,0.4772098941231017,texture,4
-0.09649971338653913,0.16504255685247088,0.04421952469501775,-0.350645876610639,0.3590374039179778,0.551551568102327,0.08941102797969529,aroma,3
-0.41471953512780224,-0.1961768537155445,-0.05515836858528855,-0.0908425115629914,0.7192008332998682,0.21858085916887718,0.06221830753125465,taste,4
0.18192367321153582,0.13540637547481554,0.20049906643901827,-0.37331042381515156,0.4613143814761264,0.19168201888620617,0.3470035996376673,texture,2
0.2074723552469413,0.0997011788814749,-0.14265811174641418,-0.022128214062526935,0.6823089731248323,0.22358451636153268,0.09410651051363512,taste,2
0.4056652546794939,-0.13505901757720723,0.10726344617875813,-0.15874331102796413,0.3356823703757512,0.1558585733934699,0.5084590562307789,texture,2
0.02438634041375789,-0.06133148799929723,0.2451293432877782,-0.0750944669369266,0.4540321703980572,0.3213483277906312,0.22461950181131166,taste,3
0.2659734542994868,-0.16490693344429774,-0.03460931599104197,0.13086596010345716,0.36203400325250545,0.25696776380279385,0.38099823294470075,texture,0
-0.24328424617948913,0.17577161729145663,-0.17333375722290395,0.16414203269743313,0.14012377943248955,0.7748490385300701,0.08502718203744027,aroma,1
0.17212013031861925,0.02120719832125062,0.1865270950725441,0.03075719642956979,0.44490396308878927,0.43767576174802597,0.11742027516318485,taste,0
-0.21092425344533589,0.06720245332252053,0.15542238444906442,-0.13141425002134505,0.48474125835655524,0.4495149597346084,0.06574378190883629,taste,3
-0.0009672034691233442,-0.07824663747094866,0.07086830945122294,-0.05496175928335677,0.6650013442852123,0.25905657535527266,0.07594208035951515,taste,3
0.0015469585551296378,0.06329620431127969,-0.25241066026626113,-0.09682288688948747,0.2524273163431413,0.6201856080889893,0.12738707556786955,aroma,5
-0.16873746878539428,-0.1640916248918784,0.10224304472850085,-0.07041746870697756,0.29448466811118995,0.636360876113014,0.06915445577579599,aroma,3
-0.2740734602676467,0.09433192505003389,-0.16466120979657378,-0.08375366762352209,0.5054769625676564,0.3840528409697705,0.11047019646257308,taste,1
-0.034886183088780595,-0.0035526125666799635,0.16914879461987548,-0.16649299851036664,0.6180298897323443,0.25383872016455544,0.12813139010310032,taste,3
0.35634994682707166,-0.16896076750939343,-0.45764964140559067,-0.16149668459495292,0.6418113093297232,0.237912781907713,0.1202759087625638,taste,5
0.19493475036819546,0.18069657187278074,0.12367449840528172,-0.13347345540103095,0.7237599923073463,0.1551178182119485,0.12112218948070524,taste,2
-0.2775723423568958,-0.14329280531558658,0.09723933417612343,-0.17758752146284912,0.6711805856918236,0.2596417862554927,0.0691776280526836,taste,3
-0.47900181369753386,0.3603888254913316,-0.20186389718443226,0.01941688610789808,0.7528347160603541,0.1344885073543244,0.11267677658532159,taste,1
-0.38684203860063643,0.2027246086205547,-0.2234439101361939,-0.03808879081272078,0.6676045289417332,0.1739626207314607,0.15843285032680612,taste,1
-0.3212394993314864,0.32273277938945516,0.03777484275415391,-0.04916923019483098,0.3792616617467838,0.21107346598062315,0.4096648722725931,texture,1
0.46515197552301,-0.1441912642362818,-0.15137174835030937,0.051649204785423286,0.6719323712347905,0.26839092794766267,0.05967670081754668,taste,5
-0.1547151100487905,-0.07023686062501112,0.28699850228463525,-0.24537663756083,0.5985663971060974,0.26031928540029703,0.14111431749360565,taste,3
0.022106678721546237,0.08298097296450899,0.15011661168634727,0.08302574738699309,0.4185707495908283,0.26263084181604784,0.31879840859312375,texture,0
-0.17184093998680863,-0.04039873434450712,0.21782373475781575,-0.20993655503961178,0.7278043247868804,0.19693954307193473,0.07525613214118493,taste,3
-0.4375482747785182,0.46696202385197333,-0.2066120812545399,0.21480185487059983,0.8152833045164319,0.11678642427799497,0.06793027120557305,taste,1
-0.07895406488135606,0.14015211741188183,0.2769646813502355,-0.01585000732287392,0.4103876314908038,0.41350623889058935,0.17610612961860692,aroma,3
-0.23035015811947762,0.08932207299424454,0.10825076978413162,0.17477647741120722,0.25870717782450214,0.2771785947145577,0.46411422746094017,texture,1
-0.05933140458969895,0.05027532157108717,-0.22975148929051642,-0.07063695274439814,0.24951201556335234,0.6147673497695226,0.13572063466712508,aroma,1
-0.3610816065916923,-0.3210028584015486,-0.17135208714835537,0.1875488143071964,0.41253767642762884,0.28507336670651406,0.30238895686585704,taste,4
-0.059169398524007114,-0.2019806212555384,0.05110580149058383,-0.031073376412593418,0.7064935338643874,0.18707787676204926,0.1064285893735634,taste,3
0.3018165485251578,-0.1357543700246212,-0.4271731907303832,-0.1831549084862102,0.7336250669136166,0.1728580564829969,0.09351687660338656,taste,5
-0.011009696621606432,-0.03768883955213864,0.21226100044098556,-0.04816878082360425,0.3494668659915209,0.5443472424419628,0.10618589156651641,aroma,3
0.07536970188818673,0.14858104491725543,0.14219938764220175,0.42239062655798887,0.7596565362791659,0.14731576452181616,0.09302769919901799,taste,0
0.06928912732853293,-0.06356439690035186,-0.09728030284494896,0.16798567377047285,0.21352850232401951,0.5843529322229665,0.20211856545301402,aroma,0
-0.14661445228616315,0.5543238137100899,-0.20903839752681475,0.034458876339399626,0.8236195014802982,0.09806938997288306,0.07831110854681882,taste,1
0.18567591925306018,-0.21061085774854876,0.008959661296095434,0.20836792442044022,0.3935170461286573,0.4834916170923255,0.12299133677901727,aroma,0
0.021928272449525506,-0.20162350397819406,0.1349961503186946,-0.12963480660394044,0.45986249159977743,0.4406827872539194,0.09945472114630327,aroma,3
-0.08923533809820797,0.23451484140266637,0.17179243711747677,-0.12191801033419118,0.3456236473953804,0.5294279392321716,0.12494841337244801,aroma,3
-0.3133597269740775,-0.43781524318157294,-0.26275588066663125,0.18413854532482937,0.44083437649124757,0.3206965091939264,0.23846911431482615,taste,4
0.21030236901422805,-0.2105849561224038,-0.330494094744447,0.18091765803947224,0.46818253359926787,0.29787769518523977,0.2339397712154925,texture,5
0.16739630169543102,0.036633089026264096,-0.20805914441699597,0.01675149149552193,0.8260093661761655,0.11029798027432054,0.06369265354951413,taste,5
-0.04306044943479448,-0.06377708225304891,0.029628684546294498,0.05030463796299005,0.37201224873736327,0.4833485212274853,0.14463923003515142,aroma,3
0.058835560882622505,-0.1679168318794323,0.1560590079721853,0.10127166242511558,0.7325530636830883,0.18230159889244604,0.08514533742446567,taste,0
0.10744959997453687,0.01398288916217761,0.19896205765210273,0.22244336008066173,0.35397461263627455,0.5313761838236996,0.11464920354002583,aroma,0
-0.07815562573295332,-0.4522198172017029,0.0913518501701901,0.0704518451600862,0.6077505076133672,0.25379552381637155,0.1384539685702611,taste,4
-0.24883616130029126,-0.2406974741001836,0.263936008756629,-0.18764457202115697,0.34630225835110306,0.5660209480947275,0.08767679355416952,aroma,3
0.17809913350517942,-0.14767694146935795,0.1684854062546019,-0.22378950421466975,0.4340177505847751,0.16070047097360476,0.40528177844162017,texture,3
-0.0017928906659238422,0.021297193218434714,0.22320089329826448,0.05636827465422517,0.718401987848517,0.18010494502636756,0.10149306712511534,taste,0
-0.2626417644064523,-0.16349757078429078,0.21732300742887378,-0.3223796374398021,0.5939514876469092,0.2676299858356097,0.13841852651748104,taste,3
-0.45085383816147273,-0.11087938707518623,-0.11961437732290174,-0.13565809822487523,0.7523930166292759,0.17733340127751776,0.07027358209320642,taste,4
-0.5332876263782365,0.40890087439872336,-0.23751658824386443,0.24434259279086668,0.8363944409292632,0.08686840076302309,0.07673715830771372,taste,1
0.14070803502320328,-0.18954809827922087,-0.384396878368637,0.15180134530892,0.2019934513494375,0.6279374460507187,0.17006910259984392,aroma,5
-0.13703417804537688,0.12117840398605295,-0.06065978030009764,0.11979104457454107,0.19222237242625007,0.3774157990138563,0.4303618285598937,texture,1
-0.3125587447919534,0.2905382879926639,-0.032850616869993965,0.03105410791007361,0.39054734138043934,0.26383487795708604,0.3456177806624747,texture,1
-0.29050322227990083,-0.3572882999550935,0.18146612647590993,-0.2961400982589017,0.40779042904509927,0.523204067132975,0.0690055038219258,aroma,3
-0.13856322604527765,-0.1341616076821483,0.13280573120669287,0.1845559205872456,0.20277850835740036,0.321335002339648,0.4758864893029515,texture,0
0.3810383465480592,-0.10981441969976775,0.06784708654274207,-0.16824333579822986,0.5199900732293473,0.13215792869861384,0.3478519980720389,texture,2
0.19056826489335535,0.04450439149532779,0.17133030847228492,0.2809330171140719,0.744870750485637,0.16100053635215575,0.0941287131622073,taste,0
-0.2780234379899256,0.18774464114364148,0.044861234926982685,0.07065604318639553,0.23322217507452953,0.6733210874174564,0.09345673750801406,aroma,1
-0.5456111996507378,0.29267125583065146,-0.22048831750713677,0.2696241414252632,0.8093893629402119,0.12421396215749153,0.06639667490229655,taste,1
-0.19649965819742513,-0.40084141179050636,0.19988240227272153,-0.2688676782669683,0.6454119018867912,0.21481495405967047,0.13977314405353833,taste,3
0.16275710798751622,0.19654724460129325,0.19169540123920537,-0.11445496184611638,0.7278720018570717,0.12676986881020172,0.14535812933272665,taste,2
-0.26560980098745307,-0.2129581090372698,0.00498384978078853,0.08067041075224754,0.2169755980244549,0.3374766062194393,0.4455477957561059,texture,4
-0.046954155365153086,-0.13909020560468144,0.0983847105453528,0.20133998075056359,0.24761193531437595,0.272370480771995,0.48001758391362914,texture,0
0.06840676557553313,0.4172829193671941,-0.08381073729832693,-0.17616412071180554,0.8186217469094472,0.090769667837509,0.0906085852530438,taste,2
-0.07566904049605544,0.05166229791448436,-0.18912420497440696,-0.13690103605360443,0.32606829567254986,0.5071668587128119,0.1667648456146384,aroma,1
0.07889031219500275,0.04163151845464429,0.16563244231990265,0.3052339516300447,0.7360588967181658,0.14726343183130308,0.11667767145053108,taste,0
0.11335905242010397,0.09882969218122495,0.1417353058014571,0.1150454274569581,0.371027672163528,0.33755428038831764,0.29141804744815447,texture,0
-0.3066330736407748,-0.24703831631501683,0.295382233102913,-0.34707838336585917,0.6181615712386734,0.30751729774554326,0.07432113101578341,taste,3
0.07420185939770227,0.0472859639168461,0.05714365547937067,0.19317077788956333,0.6854067457016271,0.1579458422384927,0.15664741205988014,taste,0
0.042939307225784394,-0.07111985890380691,0.1588228661137474,0.43019518080625135,0.8212746473608767,0.09822573017037274,0.08049962246875049,taste,0
0.10387507142784566,0.01975588244670809,0.21785615376808104,0.22779560962815187,0.6599192849757347,0.1805244384646553,0.15955627655961005,taste,0
0.21098404188425718,0.06636410115086634,-0.07281131073421754,0.17298193019113972,0.3966230143694171,0.29785413826517204,0.3055228473654109,texture,0
-0.019265450226808162,-0.33108903911345006,0.1469191815251219,-0.12308650712470974,0.4246071945836468,0.28606495710730223,0.28932784830905106,texture,3
-0.1033517553553626,-0.3879643665555537,0.06383337764471836,-0.11814269742602469,0.6463557288488135,0.23040433075514766,0.12323994039603882,taste,4
0.1864524789025108,-0.025451232983663516,0.07187254281763883,-0.05378626986462544,0.298758655968901,0.3205761764840957,0.3806651675470033,texture,2
0.14723078318824362,-0.02146678439110411,0.22775532566612267,0.5605746961338315,0.7420863849894356,0.14237019562151562,0.11554341938904873,taste,0
0.13378574156945874,0.030892401362778973,0.19298619404064837,0.11276677392200642,0.4623087302069166,0.4102202704046561,0.12747099938842738,aroma,0
-0.23568130677353571,-0.11915150659993677,0.20894483293493993,-0.11281064817179369,0.3599166933088351,0.5276323040060406,0.11245100268512434,aroma,3
-0.1851102594471054,0.10134167675152946,0.1721764774434013,-0.10695530689280262,0.2718719612020715,0.6138066491940828,0.11432138960384564,aroma,3
-0.032173408526270125,-0.031010198826505186,0.029814202537584655,0.03430899265498556,0.6625919660852809,0.18459575750971266,0.1528122764050064,taste,3
0.18787676134185047,0.001336132477383803,0.14887088637152335,0.45770280619407644,0.6603504864489318,0.16680422212846083,0.17284529142260743,taste,0
-0.05813312027526845,0.026447963488204586,0.2192008009508699,-0.18082826390572582,0.6208601234860391,0.24160090144360552,0.1375389750703553,taste,3
-0.03686647395192585,0.1836299538467956,0.11364643375227496,-0.30579044528264077,0.7267789668427866,0.18790537534003532,0.08531565781717797,taste,3
0.041818656751332846,-0.14597987534878826,0.12779717633452287,-0.12521179367589763,0.39268320395399336,0.49724106899876647,0.11007572704724013,aroma,3
-0.27996661148366114,0.22031740638215386,0.0076320803631508005,0.1576041639632806,0.26854706948226653,0.2824963368604146,0.44895659365731894,texture,1
0.08571008074206515,-0.15631837337450682,0.214198935556959,-0.22420492211994825,0.3626226323165337,0.5349060095570369,0.10247135812642941,aroma,3
-0.24384680039199114,-0.2977622142481999,0.16604131000058603,-0.18011118103075646,0.40404807539371085,0.37880325330192377,0.2171486713043654,texture,3
0.3193176948773446,-0.13390127893627723,0.041881393751138724,0.18060853436012525,0.2634601327802144,0.17433929002612286,0.5622005771936627,texture,0
0.14769608132472567,0.21232747907612903,0.19629698770933007,-0.12414516069157526,0.5286536057513203,0.3777262846224638,0.09362010962621596,aroma,2
-0.28070104150437486,-0.49154940864413565,-0.20245546459856217,0.08374979246612989,0.30780615156121993,0.3952695801959568,0.29692426824282314,texture,4
-0.01639293943217516,-0.17806135672287793,0.14886999130235018,-0.09946920815578118,0.2839515066584339,0.5236578176582093,0.19239067568335685,aroma,3
-0.008978944190948412,-0.03531298249159809,0.3120517257813035,0.06028327726924626,0.621286566389256,0.26472617320061087,0.11398726041013317,taste,3
-0.031673052344035973,-0.21854783685151968,0.18065435877436908,0.02873149861398442,0.6066169917461686,0.23356408409401117,0.15981892415982027,taste,3
-0.12832679298385632,0.05747770148558188,0.267415395911902,-0.35573269420278386,0.6985120608541515,0.22828382663327548,0.07320411251257301,taste,3
0.05882446812249332,-0.06445888326899911,0.1350429901818619,0.15394707018242773,0.2902027528185256,0.5121384074364922,0.19765883974498225,aroma,0
-0.22256838110708782,-0.09834409390746089,-0.020272102463009242,0.020089693605190383,0.27698487006318234,0.5609739134875746,0.16204121644924305,aroma,4
0.3536085652062664,-0.23169308949201955,0.09310833637174554,0.3428777368446198,0.3764873238105862,0.20271589679961008,0.4207967793898037,texture,0
0.22365480509594388,0.053179274510027325,0.189118502955119,-0.13408859412108187,0.47621039353820444,0.3357651801483028,0.18802442631349284,aroma,2
-0.23780959067617294,-0.16525288299511703,0.19855189239309956,-0.19074378002488707,0.37368630516513507,0.5118270430827644,0.11448665175210053,aroma,3
-0.10565948905927264,0.10842661031775225,0.1348681912684453,-0.07033104429615018,0.7313740230689281,0.15678162793916975,0.11184434899190228,taste,3
0.0973500461946854,-0.15887120914824815,0.032565991169158204,0.11886153925536852,0.7876280487842109,0.13773897465753238,0.07463297655825683,taste,0
-0.20978790449842233,-0.2299666142851618,0.18262377816904224,0.030032418173116318,0.3402567660579446,0.5436988701716997,0.11604436377035562,aroma,3
-0.11953845700209009,-0.3692002874778866,0.20084787396856635,-0.13588196088162247,0.4294739522401815,0.4845900150515247,0.08593603270829386,aroma,3
-0.23019517421645114,0.0037725561825454196,-0.033249336388555664,0.24873987632454836,0.7516889404045509,0.16390833876096247,0.08440272083448659,taste,1
0.24556779977494925,-0.26426838008820563,-0.151071851483486,0.15613244419544725,0.7174406795602115,0.1825763290009152,0.09998299143887333,taste,5
-0.06682773082282707,0.10878386054403603,0.25973917897399157,-0.10562405308302995,0.40385087342205117,0.24108432038211444,0.35506480619583436,texture,3
0.26978766268358684,-0.1652149737799921,0.11550089947582609,-0.13449301188306728,0.28993439010023364,0.5298389250815216,0.1802266848182448,aroma,2
0.47883149356317967,-0.06795275667744045,0.02373500815357743,-0.020800671832671577,0.3894453768100832,0.49342123683821365,0.11713338635170324,aroma,2
0.2480958230737203,0.04795675501528615,-0.19356000082013947,-0.030681120062029305,0.7794405656717511,0.15166030228280664,0.06889913204544222,taste,5
0.2719045227832647,-0.06508015969603613,0.015312085099384642,-0.1186978079936357,0.3901667335036446,0.3330483369408493,0.27678492955550615,texture,2
0.2309510345379146,-0.2524695750610857,-0.13283526969972503,-0.13432071468103235,0.5930981049408853,0.24551803758762258,0.161383857471492,texture,5
-0.261467386300684,-0.18181622496465316,0.2285411260577127,-0.1697213399777388,0.559256626971175,0.332852808326521,0.10789056470230413,taste,3
0.14574194564600737,-0.11338281138038188,0.08139443989302941,-0.08885693358485426,0.3568212152044194,0.4926238230066283,0.15055496178895217,aroma,2
0.26296029381496,-0.10951156535578306,0.20202359709620848,-0.07345349452985965,0.4240519699635008,0.28474113991865907,0.2912068901178401,taste,2
